game_id,season,team,week_num,Date,opponent,is_home,post_elo_cont,post_elo_noncont,elo_cont_roll3,elo_cont_roll5,elo_noncont_roll3,elo_noncont_roll5,mov_roll3,mov_roll5,win_pct_last3,win_pct_last5,season_win_pct_to_date,win_streak_len,lose_streak_len,conf_enc,div_enc,conf,div,team_suffix
249,2019,Arizona Cardinals,17.0,2019-12-29,Los Angeles Rams,0,1448.3893381057346,1448.3893381057346,1400.275112396422,1410.8563137931437,1400.275112396422,1410.8563137931437,2.0,4.6,0.6666666666666666,0.4,0.35714285714285715,2,0,1,3,NFC,West,NFC-W
254,2019,Atlanta Falcons,17.0,2019-12-29,Tampa Bay Buccaneers,0,1537.248757303714,1537.248757303714,1463.1814981671678,1460.242560544418,1463.1814981671678,1460.242560544418,8.333333333333334,9.2,1.0,0.6,0.4,3,0,1,2,NFC,South,NFC-S
239,2019,Baltimore Ravens,17.0,2019-12-29,Pittsburgh Steelers,1,1726.789280871128,1726.789280871128,1694.037345124615,1676.4540028917788,1694.037345124615,1676.4540028917788,-0.6666666666666666,-7.6,1.0,1.0,0.8666666666666667,11,0,0,1,AFC,North,AFC-N
240,2019,Buffalo Bills,17.0,2019-12-29,New York Jets,1,1530.6865469280986,1530.6865469280986,1570.788158931117,1557.5416074082673,1570.788158931117,1557.5416074082673,-2.3333333333333335,-0.2,0.3333333333333333,0.6,0.6666666666666666,0,1,0,0,AFC,East,AFC-E
241,2019,Carolina Panthers,17.0,2019-12-29,New Orleans Saints,1,1374.1241003423074,1374.1241003423074,1432.6881889400083,1456.8785494477936,1432.6881889400083,1456.8785494477936,-15.333333333333334,-8.2,0.0,0.0,0.3333333333333333,0,7,1,2,NFC,South,NFC-S
250,2019,Chicago Bears,17.0,2019-12-29,Minnesota Vikings,0,1511.3382080066183,1511.3382080066183,1521.1393164035135,1509.9165952577782,1521.1393164035135,1509.9165952577782,7.333333333333333,4.6,0.3333333333333333,0.6,0.4666666666666667,0,2,1,1,NFC,North,NFC-N
242,2019,Cincinnati Bengals,17.0,2019-12-29,Cleveland Browns,1,1369.621877480313,1369.621877480313,1360.1137589736452,1351.269940265864,1360.1137589736452,1351.269940265864,3.3333333333333335,6.4,0.0,0.2,0.06666666666666667,0,3,0,1,AFC,North,AFC-N
242,2019,Cleveland Browns,17.0,2019-12-29,Cincinnati Bengals,0,1414.7401604837496,1414.7401604837496,1480.2685081589373,1484.9577482407067,1480.2685081589373,1484.9577482407067,3.3333333333333335,4.0,0.3333333333333333,0.4,0.4,0,2,0,1,AFC,North,AFC-N
243,2019,Dallas Cowboys,17.0,2019-12-29,Washington Commanders,1,1507.8913133965386,1507.8913133965386,1497.95488668364,1513.8148263502185,1497.95488668364,1513.8148263502185,2.6666666666666665,3.0,0.3333333333333333,0.2,0.4666666666666667,0,1,1,0,NFC,East,NFC-E
244,2019,Denver Broncos,17.0,2019-12-29,Las Vegas Raiders,1,1496.431776468067,1496.431776468067,1474.7625083325468,1465.1329353983206,1474.7625083325468,1465.1329353983206,-8.0,-7.6,0.6666666666666666,0.6,0.4,1,0,0,3,AFC,West,AFC-W
245,2019,Detroit Lions,17.0,2019-12-29,Green Bay Packers,1,1360.3208802989748,1360.3208802989748,1398.3010213767668,1412.729055875673,1398.3010213767668,1412.729055875673,-0.6666666666666666,-0.2,0.0,0.0,0.21428571428571427,0,8,1,1,NFC,North,NFC-N
245,2019,Green Bay Packers,17.0,2019-12-29,Detroit Lions,0,1625.9707861510014,1625.9707861510014,1575.7578794290591,1571.2316511633783,1575.7578794290591,1571.2316511633783,0.0,-9.4,1.0,0.8,0.8,4,0,1,1,NFC,North,NFC-N
246,2019,Houston Texans,17.0,2019-12-29,Tennessee Titans,1,1547.9393705171824,1547.9393705171824,1570.0811496039469,1564.7230345639841,1570.0811496039469,1564.7230345639841,2.6666666666666665,3.4,0.6666666666666666,0.8,0.6666666666666666,2,0,0,2,AFC,South,AFC-S
247,2019,Indianapolis Colts,17.0,2019-12-29,Jacksonville Jaguars,0,1440.1097078901405,1440.1097078901405,1470.3381660229425,1490.9236097937742,1470.3381660229425,1490.9236097937742,0.6666666666666666,2.6,0.3333333333333333,0.2,0.4666666666666667,1,0,0,2,AFC,South,AFC-S
247,2019,Jacksonville Jaguars,17.0,2019-12-29,Indianapolis Colts,1,1413.7413464299548,1413.7413464299548,1391.3373186492463,1412.572701220633,1391.3373186492463,1412.572701220633,6.333333333333333,2.8,0.3333333333333333,0.2,0.3333333333333333,0,1,0,2,AFC,South,AFC-S
248,2019,Kansas City Chiefs,17.0,2019-12-29,Los Angeles Chargers,1,1639.0772560626108,1639.0772560626108,1589.6634162663488,1569.240527388036,1589.6634162663488,1569.240527388036,-3.3333333333333335,2.8,1.0,1.0,0.7333333333333333,5,0,0,3,AFC,West,AFC-W
244,2019,Las Vegas Raiders,17.0,2019-12-29,Denver Broncos,0,1438.7012949900147,1438.7012949900147,1440.6933619456322,1466.1088500446797,1440.6933619456322,1466.1088500446797,6.0,-8.8,0.3333333333333333,0.2,0.4666666666666667,1,0,0,3,AFC,West,AFC-W
248,2019,Los Angeles Chargers,17.0,2019-12-29,Kansas City Chiefs,0,1433.1991210126523,1433.1991210126523,1469.5513732694396,1473.708343548118,1469.5513732694396,1473.708343548118,0.3333333333333333,1.0,0.3333333333333333,0.2,0.3333333333333333,0,2,0,3,AFC,West,AFC-W
249,2019,Los Angeles Rams,17.0,2019-12-29,Arizona Cardinals,1,1524.9073309476494,1524.9073309476494,1530.2609480740314,1523.5992562004915,1530.2609480740314,1523.5992562004915,-3.3333333333333335,0.4,0.3333333333333333,0.4,0.5333333333333333,0,2,1,3,NFC,West,NFC-W
251,2019,Miami Dolphins,17.0,2019-12-29,New England Patriots,0,1362.4870707433852,1362.4870707433852,1350.2738424676934,1349.9578103258089,1350.2738424676934,1349.9578103258089,-4.666666666666667,-5.0,0.3333333333333333,0.4,0.26666666666666666,1,0,0,0,AFC,East,AFC-E
250,2019,Minnesota Vikings,17.0,2019-12-29,Chicago Bears,1,1567.7500445727824,1567.7500445727824,1597.9550682869233,1598.3735355962194,1597.9550682869233,1598.3735355962194,-1.0,-1.2,0.6666666666666666,0.6,0.6666666666666666,0,1,1,1,NFC,North,NFC-N
251,2019,New England Patriots,17.0,2019-12-29,Miami Dolphins,1,1630.8934143254564,1630.8934143254564,1637.8948155019134,1651.43628113858,1637.8948155019134,1651.43628113858,-2.3333333333333335,-1.8,0.6666666666666666,0.6,0.8,2,0,0,0,AFC,East,AFC-E
241,2019,New Orleans Saints,17.0,2019-12-29,Carolina Panthers,0,1652.3779247399557,1652.3779247399557,1608.6994446113958,1601.1326376115983,1608.6994446113958,1601.1326376115983,6.333333333333333,2.8,0.6666666666666666,0.8,0.8,2,0,1,2,NFC,South,NFC-S
252,2019,New York Giants,17.0,2019-12-29,Philadelphia Eagles,1,1367.8041797080398,1367.8041797080398,1349.1568711872806,1355.4509141250383,1349.1568711872806,1355.4509141250383,1.3333333333333333,3.4,0.6666666666666666,0.4,0.26666666666666666,2,0,1,0,NFC,East,NFC-E
240,2019,New York Jets,17.0,2019-12-29,Buffalo Bills,0,1485.6734553710126,1485.6734553710126,1433.2496898089191,1439.5134971131838,1433.2496898089191,1439.5134971131838,-4.666666666666667,0.2,0.6666666666666666,0.6,0.4,1,0,0,0,AFC,East,AFC-E
252,2019,Philadelphia Eagles,17.0,2019-12-29,New York Giants,0,1530.0133368474037,1530.0133368474037,1480.0608090206722,1489.490025588079,1480.0608090206722,1489.490025588079,1.3333333333333333,1.2,1.0,0.6,0.5333333333333333,3,0,1,0,NFC,East,NFC-E
239,2019,Pittsburgh Steelers,17.0,2019-12-29,Baltimore Ravens,0,1468.070410375337,1468.070410375337,1511.2839640165064,1502.4683223582872,1511.2839640165064,1502.4683223582872,-1.6666666666666667,-0.8,0.3333333333333333,0.6,0.5333333333333333,0,2,0,1,AFC,North,AFC-N
253,2019,San Francisco 49ers,17.0,2019-12-29,Seattle Seahawks,0,1660.542802905747,1660.542802905747,1657.3909158972103,1659.0222964587533,1657.3909158972103,1659.0222964587533,2.6666666666666665,6.8,0.6666666666666666,0.6,0.8,1,0,1,3,NFC,West,NFC-W
253,2019,Seattle Seahawks,17.0,2019-12-29,San Francisco 49ers,1,1531.9080838973027,1531.9080838973027,1589.8002017215676,1582.9452158927982,1589.8002017215676,1582.9452158927982,-2.6666666666666665,-1.8,0.3333333333333333,0.6,0.7333333333333333,0,1,1,3,NFC,West,NFC-W
254,2019,Tampa Bay Buccaneers,17.0,2019-12-29,Atlanta Falcons,1,1488.2150601578044,1488.2150601578044,1504.6492484410303,1482.7337043105774,1504.6492484410303,1482.7337043105774,-5.0,-9.0,0.6666666666666666,0.8,0.4666666666666667,0,1,1,2,NFC,South,NFC-S
246,2019,Tennessee Titans,17.0,2019-12-29,Houston Texans,0,1576.8016392398824,1576.8016392398824,1565.083780143172,1543.662305173309,1565.083780143172,1543.662305173309,-2.6666666666666665,0.0,0.3333333333333333,0.6,0.5333333333333333,0,2,0,2,AFC,South,AFC-S
243,2019,Washington Commanders,17.0,2019-12-29,Dallas Cowboys,0,1336.2341234294406,1336.2341234294406,1383.3074321466893,1372.166607623613,1383.3074321466893,1372.166607623613,3.6666666666666665,1.2,0.0,0.4,0.2,0,3,1,0,NFC,East,NFC-E
515,2020,Arizona Cardinals,17.0,2021-01-03,Los Angeles Rams,0,1481.5552180318944,1506.0828176986342,1500.9863385680655,1502.8040335060282,1534.325072230423,1537.406546891096,-1.3333333333333333,0.6,0.6666666666666666,0.4,0.5333333333333333,0,1,1,3,NFC,West,NFC-W
520,2020,Atlanta Falcons,17.0,2021-01-03,Tampa Bay Buccaneers,0,1483.3986185940746,1463.096271293472,1519.7219959155525,1522.6998462148506,1498.2776068608212,1500.3906106617294,-0.6666666666666666,8.0,0.0,0.2,0.26666666666666666,0,4,1,2,NFC,South,NFC-S
508,2020,Baltimore Ravens,17.0,2021-01-03,Cincinnati Bengals,0,1659.0675956403695,1596.4704694183613,1634.2566523353971,1630.1562645846393,1549.2446268662204,1539.6594586619199,11.666666666666666,9.4,1.0,0.8,0.6666666666666666,4,0,0,1,AFC,North,AFC-N
505,2020,Buffalo Bills,17.0,2021-01-03,Miami Dolphins,1,1674.3735287872314,1655.5108670122174,1615.2294051947003,1594.3029047970326,1591.3559833336783,1570.596822296266,-15.666666666666666,-9.4,1.0,1.0,0.8,5,0,0,0,AFC,East,AFC-E
506,2020,Carolina Panthers,17.0,2021-01-03,New Orleans Saints,1,1391.9927943454395,1447.0250046958045,1385.2420892201214,1385.1378965770034,1450.9756410823404,1453.120454474756,-3.3333333333333335,1.8,0.3333333333333333,0.4,0.3333333333333333,1,0,1,2,NFC,South,NFC-S
507,2020,Chicago Bears,17.0,2021-01-03,Green Bay Packers,1,1505.2570860392896,1495.3439689249967,1480.20026487165,1477.5152147566478,1472.1658315746074,1469.7818268826545,-0.3333333333333333,-2.6,1.0,0.6,0.5333333333333333,3,0,1,1,NFC,North,NFC-N
508,2020,Cincinnati Bengals,17.0,2021-01-03,Baltimore Ravens,1,1352.6613736905545,1416.4652165510463,1322.7709637707057,1331.8952717769553,1406.8865065718858,1418.7326260543525,9.0,3.4,0.6666666666666666,0.4,0.2857142857142857,2,0,0,1,AFC,North,AFC-N
509,2020,Cleveland Browns,17.0,2021-01-03,Pittsburgh Steelers,1,1496.8453827310204,1540.5666532308771,1510.1786895996922,1499.5810910087544,1556.9133121553625,1550.40995725685,-5.333333333333333,-4.8,0.3333333333333333,0.6,0.6666666666666666,0,1,0,1,AFC,North,AFC-N
517,2020,Dallas Cowboys,17.0,2021-01-03,New York Giants,0,1388.692708941725,1404.6667102340234,1354.9737984048131,1354.0269984320717,1371.3592063841645,1369.6192977070746,1.6666666666666667,2.6,1.0,0.6,0.4,3,0,1,0,NFC,East,NFC-E
510,2020,Denver Broncos,17.0,2021-01-03,Las Vegas Raiders,1,1404.8073369827127,1397.4660429128155,1436.5361703137812,1439.865094155452,1426.418283662241,1430.7636592415158,7.0,8.6,0.3333333333333333,0.2,0.3333333333333333,0,2,0,3,AFC,West,AFC-W
511,2020,Detroit Lions,17.0,2021-01-03,Minnesota Vikings,1,1310.7046096764489,1362.5076364972522,1339.0435077660532,1336.426076341201,1404.5766511117683,1407.7868946842095,8.666666666666666,7.6,0.0,0.2,0.3333333333333333,0,3,1,1,NFC,North,NFC-N
507,2020,Green Bay Packers,17.0,2021-01-03,Chicago Bears,0,1699.9057586237543,1645.2949121542918,1655.4901631046605,1648.1986444855345,1591.2569213149052,1579.8184858654988,9.0,11.4,1.0,1.0,0.8,5,0,1,1,NFC,North,NFC-N
512,2020,Houston Texans,17.0,2021-01-03,Tennessee Titans,1,1409.1435456240797,1385.9760109673723,1461.059137816227,1477.101025970841,1430.370225247924,1442.3228426529172,-10.0,-8.0,0.0,0.2,0.26666666666666666,0,4,0,2,AFC,South,AFC-S
513,2020,Indianapolis Colts,17.0,2021-01-03,Jacksonville Jaguars,1,1574.6120664775128,1588.078557887362,1565.8507808579304,1556.0301319258463,1578.8417070680798,1572.0388132769253,-4.666666666666667,-0.2,0.6666666666666666,0.6,0.6666666666666666,0,1,0,2,AFC,South,AFC-S
513,2020,Jacksonville Jaguars,17.0,2021-01-03,Indianapolis Colts,0,1245.5745194008966,1292.6036234330832,1269.1234609021224,1274.1748876806773,1326.3001201019254,1334.5719638394633,6.333333333333333,3.6,0.0,0.0,0.06666666666666667,0,14,0,2,AFC,South,AFC-S
514,2020,Kansas City Chiefs,17.0,2021-01-03,Los Angeles Chargers,1,1742.1255389250248,1639.9388669175755,1783.0621423370567,1776.2009175564185,1670.922120555293,1659.3658553601174,-2.0,-0.6,1.0,1.0,0.9333333333333333,10,0,0,3,AFC,West,AFC-W
510,2020,Las Vegas Raiders,17.0,2021-01-03,Denver Broncos,0,1458.3760829316964,1475.8658648794374,1476.0864052575914,1490.0324005417003,1493.1370346283175,1508.1238458939893,7.0,-3.8,0.0,0.2,0.4666666666666667,0,3,0,3,AFC,West,AFC-W
514,2020,Los Angeles Chargers,17.0,2021-01-03,Kansas City Chiefs,0,1479.6268367517534,1507.5386517165837,1392.9130106984965,1395.4059074900372,1427.6708812721652,1436.3454412889114,1.0,7.6,1.0,0.6,0.4,3,0,0,3,AFC,West,AFC-W
515,2020,Los Angeles Rams,17.0,2021-01-03,Arizona Cardinals,1,1575.4322851478844,1566.117770247229,1590.2410024505998,1583.363765460696,1580.3318977721901,1573.9954600604528,4.333333333333333,1.2,0.3333333333333333,0.4,0.6,0,2,1,3,NFC,West,NFC-W
505,2020,Miami Dolphins,17.0,2021-01-03,Buffalo Bills,0,1505.7484904336843,1548.8584290878107,1503.0045671439948,1495.3349294947216,1560.1283030129962,1556.19785985072,5.0,2.0,0.6666666666666666,0.8,0.6666666666666666,2,0,0,0,AFC,East,AFC-E
511,2020,Minnesota Vikings,17.0,2021-01-03,Detroit Lions,0,1475.5788872049627,1439.101878105827,1506.9101508558472,1513.454839540846,1467.4105065525312,1471.4849746876487,-8.333333333333334,-4.2,0.0,0.4,0.4,0,3,1,1,NFC,North,NFC-N
516,2020,New England Patriots,17.0,2021-01-03,New York Jets,1,1525.5817933401684,1482.3195616581645,1556.0016637227152,1554.4369302539053,1500.1047725872443,1490.6980171885953,-0.6666666666666666,-8.8,0.0,0.4,0.4,0,3,0,0,AFC,East,AFC-E
506,2020,New Orleans Saints,17.0,2021-01-03,Carolina Panthers,0,1714.066497270422,1659.7590039509078,1704.5898768429472,1704.8331794211815,1641.9405988527822,1640.1686385432617,6.333333333333333,-2.8,0.3333333333333333,0.6,0.7333333333333333,1,0,1,2,NFC,South,NFC-S
517,2020,New York Giants,17.0,2021-01-03,Dallas Cowboys,1,1380.222403549163,1445.1869693762842,1387.0229568498623,1381.7044604939897,1463.850009584355,1461.571571439027,6.333333333333333,2.4,0.0,0.4,0.3333333333333333,0,3,1,0,NFC,East,NFC-E
516,2020,New York Jets,17.0,2021-01-03,New England Patriots,0,1327.484885095903,1333.6365178842143,1297.2731162348182,1302.401401649222,1306.707898567437,1311.5738367017648,-11.0,-2.6,0.6666666666666666,0.4,0.13333333333333333,2,0,0,0,AFC,East,AFC-E
518,2020,Philadelphia Eagles,17.0,2021-01-03,Washington Commanders,1,1355.0801218795468,1362.9622781602925,1404.6746750511286,1406.6177187164628,1407.0379080579103,1410.9821873171438,-8.0,-6.4,0.3333333333333333,0.2,0.2857142857142857,0,2,1,0,NFC,East,NFC-E
509,2020,Pittsburgh Steelers,17.0,2021-01-03,Cleveland Browns,0,1545.9752347543288,1569.1780316578493,1577.6589252410329,1599.0199028655813,1600.176731710191,1622.430174651777,-5.666666666666667,-1.2,0.3333333333333333,0.4,0.8,1,0,0,1,AFC,North,AFC-N
519,2020,San Francisco 49ers,17.0,2021-01-03,Seattle Seahawks,1,1505.7678966910628,1440.1437799910573,1521.9281427614278,1541.2295861654154,1440.2210480945394,1453.1274446496327,-2.6666666666666665,-0.2,0.3333333333333333,0.4,0.4,1,0,1,3,NFC,West,NFC-W
519,2020,Seattle Seahawks,17.0,2021-01-03,San Francisco 49ers,0,1639.60722520413,1618.9738646481462,1597.4221433205992,1602.3316987470894,1574.0267192108322,1575.631245288514,14.333333333333334,8.4,1.0,0.8,0.7333333333333333,3,0,1,3,NFC,West,NFC-W
520,2020,Tampa Bay Buccaneers,17.0,2021-01-03,Atlanta Falcons,1,1619.0771924157243,1617.4807273294489,1571.9856294786202,1570.8806188704746,1568.9102031916973,1570.6633928743681,-10.666666666666666,-5.2,1.0,0.6,0.6666666666666666,3,0,1,2,NFC,South,NFC-S
512,2020,Tennessee Titans,17.0,2021-01-03,Houston Texans,0,1625.675784438152,1579.3920712010067,1633.322753522685,1635.8189925796232,1580.8703329200816,1576.7342506590314,-8.666666666666666,-7.8,0.6666666666666666,0.6,0.6666666666666666,0,1,0,2,AFC,South,AFC-S
518,2020,Washington Commanders,17.0,2021-01-03,Philadelphia Eagles,0,1445.9807003793885,1516.390970276555,1445.239419589104,1416.12617098398,1527.2853378630905,1504.1774194071315,1.3333333333333333,-5.4,0.3333333333333333,0.6,0.4,0,2,1,0,NFC,East,NFC-E
791,2021,Arizona Cardinals,18.0,2022-01-09,Seattle Seahawks,1,1536.6231451487386,1538.0437670668196,1569.5446186407662,1592.6757412010738,1572.3180200424438,1595.9609777873864,-5.0,-3.8,0.3333333333333333,0.4,0.6875,1,0,1,3,NFC,West,NFC-W
792,2021,Atlanta Falcons,18.0,2022-01-09,New Orleans Saints,1,1401.257432922651,1419.9741897520448,1418.9139117080929,1415.470893605306,1447.20223783244,1444.5031271989842,-9.333333333333334,-4.6,0.3333333333333333,0.4,0.4375,0,1,1,2,NFC,South,NFC-S
793,2021,Baltimore Ravens,18.0,2022-01-09,Pittsburgh Steelers,1,1518.9888600129352,1458.0077321503484,1573.8289279650978,1587.6755383602065,1502.3410890490568,1513.420307329523,-6.0,-4.2,0.0,0.0,0.5,0,5,0,1,AFC,North,AFC-N
794,2021,Buffalo Bills,18.0,2022-01-09,New York Jets,1,1682.7347047716362,1602.0565257937271,1654.6396524215781,1659.7363091135026,1557.8109936257279,1559.198861102967,6.333333333333333,3.4,1.0,0.6,0.625,3,0,0,0,AFC,East,AFC-E
804,2021,Carolina Panthers,18.0,2022-01-09,Tampa Bay Buccaneers,0,1349.2483588319676,1378.3534152683603,1373.7310473238738,1389.4233369997548,1424.815148438721,1446.4421169605387,0.3333333333333333,-2.8,0.0,0.0,0.3125,0,6,1,2,NFC,South,NFC-S
802,2021,Chicago Bears,18.0,2022-01-09,Minnesota Vikings,0,1426.3770021877324,1422.5009659356738,1417.5292997709012,1426.0215315936532,1406.4858920886945,1416.2643462327985,11.0,5.8,0.6666666666666666,0.4,0.375,2,0,1,1,NFC,North,NFC-N
795,2021,Cincinnati Bengals,18.0,2022-01-09,Cleveland Browns,0,1525.9762502070523,1576.6573859786188,1491.0747044254051,1491.225466997425,1558.4604291530059,1562.7610324913844,6.0,8.0,1.0,0.6,0.625,3,0,0,1,AFC,North,AFC-N
795,2021,Cleveland Browns,18.0,2022-01-09,Cincinnati Bengals,1,1489.1233596160398,1487.099908276825,1497.3333503192714,1498.4452543955272,1493.9051658957835,1496.918277157763,-4.0,-3.2,0.0,0.2,0.4375,0,3,0,1,AFC,North,AFC-N
790,2021,Dallas Cowboys,18.0,2022-01-08,Philadelphia Eagles,0,1570.465871051835,1623.0648059950229,1533.4185884585106,1512.006877865516,1588.4113988988975,1570.9412978881464,10.0,2.6,0.6666666666666666,0.8,0.6875,0,1,1,0,NFC,East,NFC-E
789,2021,Denver Broncos,18.0,2022-01-08,Kansas City Chiefs,1,1385.8253632487174,1438.5565575655191,1433.3271229073418,1436.8662506387168,1496.4154337804684,1500.4798396330852,-6.666666666666667,-1.0,0.0,0.2,0.4375,0,3,0,3,AFC,West,AFC-W
796,2021,Detroit Lions,18.0,2022-01-09,Green Bay Packers,1,1294.069510957968,1386.0349755234963,1254.4269539488841,1243.1578013813541,1365.1446451364536,1357.548427231467,-2.6666666666666665,-6.8,0.3333333333333333,0.4,0.13333333333333333,0,2,1,1,NFC,North,NFC-N
796,2021,Green Bay Packers,18.0,2022-01-09,Detroit Lions,0,1680.7311150123576,1584.8025006096818,1705.9416760123324,1699.0112292875067,1596.8287891767457,1587.0195637929487,9.333333333333334,10.2,1.0,1.0,0.8125,5,0,1,1,NFC,North,NFC-N
797,2021,Houston Texans,18.0,2022-01-09,Tennessee Titans,1,1352.744066690077,1387.1918868485277,1337.6302404851194,1335.3235372455288,1375.0296041735182,1375.213086157126,-6.0,6.6,0.6666666666666666,0.4,0.25,0,1,0,2,AFC,South,AFC-S
798,2021,Indianapolis Colts,18.0,2022-01-09,Jacksonville Jaguars,0,1577.9802135902144,1546.1466900490952,1633.8671700224204,1624.494167718592,1593.9416364518609,1581.9830534851021,2.3333333333333335,-3.4,0.6666666666666666,0.6,0.5625,0,1,0,2,AFC,South,AFC-S
798,2021,Jacksonville Jaguars,18.0,2022-01-09,Indianapolis Colts,1,1217.8881567344883,1326.217330223742,1187.273324167033,1197.2965250681723,1309.0179409948576,1326.8150652699987,-10.333333333333334,-16.2,0.0,0.0,0.125,0,8,0,2,AFC,South,AFC-S
789,2021,Kansas City Chiefs,18.0,2022-01-08,Denver Broncos,0,1705.1220843246022,1622.236198328803,1710.9230685602936,1701.6710622410942,1612.2069979114895,1595.1247311209904,5.666666666666667,13.8,0.6666666666666666,0.8,0.6875,0,1,0,3,AFC,West,AFC-W
799,2021,Las Vegas Raiders,18.0,2022-01-09,Los Angeles Chargers,1,1505.0341526247191,1522.888240514976,1452.5095384987474,1452.3936345288516,1470.7176283302842,1474.087014964125,-0.3333333333333333,-7.6,1.0,0.6,0.5625,3,0,0,3,AFC,West,AFC-W
799,2021,Los Angeles Chargers,18.0,2022-01-09,Las Vegas Raiders,0,1506.004702991248,1526.0424421321632,1527.0683036924966,1521.5093587185377,1544.4694175269376,1538.0026598852528,5.0,2.4,0.3333333333333333,0.6,0.5625,1,0,0,3,AFC,West,AFC-W
800,2021,Los Angeles Rams,18.0,2022-01-09,San Francisco 49ers,1,1616.6836243453454,1574.5923879099068,1612.632450454279,1595.6336909059999,1567.0238810906656,1546.6308978959362,0.6666666666666666,5.0,1.0,1.0,0.75,5,0,1,3,NFC,West,NFC-W
801,2021,Miami Dolphins,18.0,2022-01-09,New England Patriots,1,1530.2100074343073,1514.2429217173346,1505.560714748449,1488.4128322986262,1496.8544540080431,1476.1942817219565,-13.666666666666666,-1.4,0.6666666666666666,0.8,0.5,0,1,0,0,AFC,East,AFC-E
802,2021,Minnesota Vikings,18.0,2022-01-09,Chicago Bears,1,1496.4108608172028,1500.2089551118156,1492.576373360229,1486.7948765204665,1507.0147726173172,1502.2181443713785,-9.333333333333334,-4.4,0.3333333333333333,0.4,0.4375,0,2,1,1,NFC,North,NFC-N
801,2021,New England Patriots,18.0,2022-01-09,Miami Dolphins,0,1594.7542441686344,1585.055536708339,1637.9435450264984,1631.5107510623534,1628.30539606052,1626.7906164189246,14.0,12.2,0.3333333333333333,0.6,0.625,1,0,0,0,AFC,East,AFC-E
792,2021,New Orleans Saints,18.0,2022-01-09,Atlanta Falcons,0,1603.358103861786,1529.2168059438347,1595.6870791671997,1594.9174944424437,1504.181613398653,1495.433423068652,5.333333333333333,1.0,0.6666666666666666,0.6,0.5,1,0,1,2,NFC,South,NFC-S
803,2021,New York Giants,18.0,2022-01-09,Washington Commanders,1,1304.7162802220948,1353.7704238916344,1370.6966530420186,1388.53023549274,1427.7844531016497,1447.840399565312,-11.666666666666666,-12.4,0.0,0.0,0.25,0,5,1,0,NFC,East,NFC-E
794,2021,New York Jets,18.0,2022-01-09,Buffalo Bills,0,1271.952340168909,1340.0276058327336,1269.9606655666857,1276.766717456599,1345.1290641777962,1357.5137310442651,0.6666666666666666,7.6,0.3333333333333333,0.2,0.25,0,1,0,0,AFC,East,AFC-E
790,2021,Philadelphia Eagles,18.0,2022-01-08,Dallas Cowboys,1,1447.0451833119207,1511.0566876168698,1451.9398143437359,1441.707706562846,1520.9780927276825,1511.329500826308,10.0,1.8,1.0,0.8,0.5625,4,0,1,0,NFC,East,NFC-E
793,2021,Pittsburgh Steelers,18.0,2022-01-09,Baltimore Ravens,0,1509.3357723822796,1498.4908758665808,1467.5925096128224,1467.9819048202025,1462.7906434701042,1464.5257827962218,-2.6666666666666665,-3.0,0.6666666666666666,0.6,0.5333333333333333,1,0,0,1,AFC,North,AFC-N
800,2021,San Francisco 49ers,18.0,2022-01-09,Los Angeles Rams,0,1569.370238868655,1572.27009583499,1538.0155342703304,1534.2192341896261,1541.2608697458606,1536.92537431165,10.333333333333334,4.2,0.6666666666666666,0.6,0.5625,1,0,1,3,NFC,West,NFC-W
791,2021,Seattle Seahawks,18.0,2022-01-09,Arizona Cardinals,0,1553.0028928624022,1512.7472417576612,1531.3009008746587,1527.0348490187675,1477.1527609759523,1468.9411398293728,4.333333333333333,0.0,0.3333333333333333,0.6,0.375,1,0,1,3,NFC,West,NFC-W
804,2021,Tampa Bay Buccaneers,18.0,2022-01-09,Carolina Panthers,1,1705.9166199012934,1613.377523900362,1702.4693291530614,1702.9188822518495,1593.426712787784,1590.427049766438,-7.0,-5.6,0.6666666666666666,0.8,0.75,2,0,1,2,NFC,South,NFC-S
797,2021,Tennessee Titans,18.0,2022-01-09,Houston Texans,0,1645.9760245699206,1598.2365501697443,1613.8667348036797,1623.9505121277411,1557.2607173379995,1560.888894403092,9.333333333333334,5.0,0.6666666666666666,0.6,0.6875,2,0,0,2,AFC,South,AFC-S
803,2021,Washington Commanders,18.0,2022-01-09,New York Giants,0,1425.0734561602687,1450.830869724747,1436.7761962481866,1449.9861615845293,1455.3140999925852,1466.0007852740891,-16.0,-8.6,0.0,0.2,0.375,0,4,1,0,NFC,East,NFC-E
1084,2022,Arizona Cardinals,18.0,2023-01-08,San Francisco 49ers,0,1406.050567540958,1375.0124113656611,1436.9504465455968,1455.5467573218357,1405.3622515008467,1421.9112743170886,-2.3333333333333335,1.6,0.0,0.0,0.25,0,6,1,3,NFC,West,NFC-W
1073,2022,Atlanta Falcons,18.0,2023-01-08,Tampa Bay Buccaneers,1,1432.4483934243751,1462.6321603647757,1393.464949786926,1405.5989207035707,1437.534261495387,1451.9917483111299,-3.3333333333333335,-2.6,0.3333333333333333,0.2,0.375,1,0,1,2,NFC,South,NFC-S
1076,2022,Baltimore Ravens,18.0,2023-01-08,Cincinnati Bengals,0,1530.086976984599,1519.6349533560565,1568.6883589566542,1570.396455665978,1558.409438987038,1559.44617978313,0.3333333333333333,0.0,0.3333333333333333,0.6,0.625,0,1,0,1,AFC,North,AFC-N
1074,2022,Buffalo Bills,18.0,2023-01-08,New England Patriots,1,1768.1203083730722,1663.55148667693,1751.6336925049836,1743.640561411895,1632.7568397118473,1617.5817346612757,-3.6666666666666665,-5.6,1.0,1.0,0.8,6,0,0,0,AFC,East,AFC-E
1081,2022,Carolina Panthers,18.0,2023-01-08,New Orleans Saints,0,1451.4295602882678,1500.2136181841668,1429.8446769465838,1414.8516975370203,1490.0671652398967,1477.185694436415,5.333333333333333,4.6,0.3333333333333333,0.6,0.375,0,1,1,2,NFC,South,NFC-S
1075,2022,Chicago Bears,18.0,2023-01-08,Minnesota Vikings,1,1299.3781240753924,1340.6348923693283,1344.8811105113136,1358.9348922941954,1385.6757272315551,1402.5033678248471,-1.3333333333333333,-3.2,0.0,0.0,0.1875,0,9,1,1,NFC,North,NFC-N
1076,2022,Cincinnati Bengals,18.0,2023-01-08,Baltimore Ravens,1,1706.2759729022775,1667.8049069064157,1660.698881352943,1642.0672197076376,1622.5879620290418,1606.373540299,-0.6666666666666666,-0.6,1.0,1.0,0.7333333333333333,7,0,0,1,AFC,North,AFC-N
1083,2022,Cleveland Browns,18.0,2023-01-08,Pittsburgh Steelers,0,1481.7568787464302,1480.4508914368855,1484.3649998165886,1484.0813458577827,1480.5930917433695,1480.5462188413198,1.0,-4.6,0.6666666666666666,0.6,0.4375,1,0,0,1,AFC,North,AFC-N
1086,2022,Dallas Cowboys,18.0,2023-01-08,Washington Commanders,0,1594.5748347966085,1587.9395700030298,1625.839588613201,1629.570063136774,1614.1190250625807,1615.4300492505497,-4.666666666666667,5.0,0.6666666666666666,0.8,0.75,2,0,1,0,NFC,East,NFC-E
1077,2022,Denver Broncos,18.0,2023-01-08,Los Angeles Chargers,1,1334.1061749547891,1384.2860839050204,1316.0513271616112,1312.2666786505247,1383.4500361539838,1387.0257801425737,-10.333333333333334,-5.2,0.3333333333333333,0.2,0.25,0,2,0,3,AFC,West,AFC-W
1078,2022,Detroit Lions,18.0,2023-01-08,Green Bay Packers,0,1452.6470891105234,1551.9336697787378,1413.3084706669995,1392.5235946480743,1529.2472692052977,1511.3265162586558,4.666666666666667,10.2,0.6666666666666666,0.8,0.5,1,0,1,1,NFC,North,NFC-N
1078,2022,Green Bay Packers,18.0,2023-01-08,Detroit Lions,1,1549.0116007032682,1491.072395471865,1529.0976594254605,1518.8899845468686,1455.763013357075,1441.0754160222457,10.0,2.8,1.0,0.8,0.5,4,0,1,1,NFC,North,NFC-N
1079,2022,Houston Texans,18.0,2023-01-08,Indianapolis Colts,0,1265.0089528967342,1356.5977296159288,1257.7084895385458,1257.2019193039318,1352.0478175344633,1355.5907611847292,9.666666666666666,7.6,0.3333333333333333,0.2,0.13333333333333333,0,1,0,2,AFC,South,AFC-S
1079,2022,Indianapolis Colts,18.0,2023-01-08,Houston Texans,1,1365.3043331863848,1349.401212291118,1433.586402574291,1449.9827496359558,1399.2206022373637,1414.0487418140056,-4.666666666666667,-8.4,0.0,0.0,0.26666666666666666,0,6,0,2,AFC,South,AFC-S
1071,2022,Jacksonville Jaguars,18.0,2023-01-07,Tennessee Titans,1,1431.701846461585,1562.663531982102,1355.186442071591,1328.4374135758849,1503.674658501063,1485.202476597359,-12.666666666666666,-15.6,1.0,0.8,0.5,4,0,0,2,AFC,South,AFC-S
1072,2022,Kansas City Chiefs,18.0,2023-01-07,Las Vegas Raiders,0,1765.732037303591,1647.9404429987644,1749.5035321251835,1750.2845514214637,1616.929123356702,1611.9126914916376,3.6666666666666665,0.4,1.0,0.8,0.8125,4,0,0,3,AFC,West,AFC-W
1072,2022,Las Vegas Raiders,18.0,2023-01-07,Kansas City Chiefs,1,1473.0364706274447,1476.627226120918,1487.2217120797084,1479.4968821716454,1502.4592028665313,1496.6216771737386,2.0,2.4,0.3333333333333333,0.4,0.375,0,2,0,3,AFC,West,AFC-W
1077,2022,Los Angeles Chargers,18.0,2023-01-08,Denver Broncos,0,1530.8883863334656,1526.844133356576,1500.7096861022562,1487.5584034966132,1505.393782336759,1493.6492208669163,2.3333333333333335,1.2,1.0,0.8,0.625,4,0,0,3,AFC,West,AFC-W
1085,2022,Los Angeles Rams,18.0,2023-01-08,Seattle Seahawks,0,1434.2570357579418,1352.7596023256867,1464.0348216246064,1467.5907421414681,1361.3772244998709,1360.30105045336,1.3333333333333333,1.8,0.3333333333333333,0.4,0.3125,0,1,1,3,NFC,West,NFC-W
1080,2022,Miami Dolphins,18.0,2023-01-08,New York Jets,1,1473.2631264765048,1463.9773850577778,1489.3784980079142,1505.7714135752776,1478.5009657784801,1496.5364086908417,0.3333333333333333,-4.2,0.0,0.0,0.5,0,5,0,0,AFC,East,AFC-E
1075,2022,Minnesota Vikings,18.0,2023-01-08,Chicago Bears,0,1547.004083874334,1551.581325207918,1554.0477809950153,1564.816957801442,1561.8093440726661,1568.3689372005738,-6.0,-4.8,0.6666666666666666,0.6,0.75,0,1,1,1,NFC,North,NFC-N
1074,2022,New England Patriots,18.0,2023-01-08,Buffalo Bills,0,1543.3325913867236,1515.9919919919769,1557.142399772362,1560.0738661262035,1533.0346425853568,1537.4513472090548,0.0,0.0,0.3333333333333333,0.4,0.5,1,0,0,0,AFC,East,AFC-E
1081,2022,New Orleans Saints,18.0,2023-01-08,Carolina Panthers,1,1544.441577698987,1494.1352018710038,1510.5396097129621,1509.1783054423759,1447.383055120735,1444.8700260339847,-4.666666666666667,-5.6,1.0,0.6,0.4375,3,0,1,2,NFC,South,NFC-S
1082,2022,New York Giants,18.0,2023-01-08,Philadelphia Eagles,0,1417.1339972128092,1515.6497821820296,1383.1442541824308,1382.4235884190473,1501.6604956517751,1505.0623284580927,5.666666666666667,8.6,0.6666666666666666,0.5,0.6,1,0,1,0,NFC,East,NFC-E
1080,2022,New York Jets,18.0,2023-01-08,Miami Dolphins,0,1362.6326643014002,1453.0343065688546,1415.4809021188814,1426.99806331232,1518.9686570025467,1534.2170963781225,0.6666666666666666,-2.2,0.0,0.0,0.4375,0,5,0,0,AFC,East,AFC-E
1082,2022,Philadelphia Eagles,18.0,2023-01-08,New York Giants,1,1564.455964740355,1603.8852832977443,1596.8852210007838,1584.0851531039666,1640.6788972246814,1628.0573063899583,-0.3333333333333333,-0.4,0.3333333333333333,0.6,0.8125,0,2,1,0,NFC,East,NFC-E
1083,2022,Pittsburgh Steelers,18.0,2023-01-08,Cleveland Browns,1,1532.288254001376,1526.5602896315015,1479.192159428588,1474.465188712856,1471.0787296988067,1464.499694360242,-2.6666666666666665,-1.8,1.0,0.8,0.5,3,0,0,1,AFC,North,AFC-N
1084,2022,San Francisco 49ers,18.0,2023-01-08,Arizona Cardinals,1,1724.6684718944607,1666.7507980607948,1700.8919192329986,1683.2288688194672,1633.6585634961855,1615.302485242361,2.0,10.0,1.0,1.0,0.75,9,0,1,3,NFC,West,NFC-W
1085,2022,Seattle Seahawks,18.0,2023-01-08,Los Angeles Rams,1,1526.0273938625226,1501.6435828968904,1509.2958909460392,1522.1623850521762,1480.052382474164,1493.2119590281345,3.6666666666666665,2.6,0.3333333333333333,0.4,0.5,1,0,1,3,NFC,West,NFC-W
1073,2022,Tampa Bay Buccaneers,18.0,2023-01-08,Atlanta Falcons,0,1540.3090837465456,1446.8565299574536,1572.0669114960867,1585.7659843987828,1456.175043022463,1465.695341018867,4.666666666666667,-2.6,0.6666666666666666,0.6,0.5,2,0,1,2,NFC,South,NFC-S
1071,2022,Tennessee Titans,18.0,2023-01-07,Jacksonville Jaguars,0,1487.0883909362913,1443.86789805861,1553.142542586991,1587.7210453704524,1493.5380524286065,1518.8991926029162,5.333333333333333,1.0,0.0,0.0,0.4375,0,6,0,2,AFC,South,AFC-S
1086,2022,Washington Commanders,18.0,2023-01-08,Dallas Cowboys,1,1465.5388553999808,1518.0647067074783,1455.6256333645795,1460.5645620160249,1521.6630717698833,1526.9098739551405,1.6666666666666667,2.2,0.0,0.25,0.4666666666666667,0,3,1,0,NFC,East,NFC-E
1358,2023,Arizona Cardinals,18.0,2024-01-07,Seattle Seahawks,1,1363.4270439069626,1399.4096299698535,1356.2703637304232,1346.9692834710042,1394.352025447246,1387.3123357585896,0.3333333333333333,2.0,0.3333333333333333,0.4,0.25,1,0,1,3,NFC,West,NFC-W
1367,2023,Atlanta Falcons,18.0,2024-01-07,New Orleans Saints,0,1378.2784816782594,1426.3660417162787,1417.2151573055446,1419.1270357571889,1465.9288856429646,1468.7760367260685,-1.0,-0.8,0.3333333333333333,0.4,0.4375,0,1,1,2,NFC,South,NFC-S
1356,2023,Baltimore Ravens,18.0,2024-01-06,Pittsburgh Steelers,1,1691.6169745121974,1678.291772578992,1678.4748690221977,1662.2002079193564,1666.5291410140762,1649.7451193502318,2.3333333333333335,0.6,1.0,1.0,0.8125,6,0,0,1,AFC,North,AFC-N
1365,2023,Buffalo Bills,18.0,2024-01-07,Miami Dolphins,0,1715.9994275428232,1613.0400051724944,1682.2925403204083,1669.274958305492,1566.2881465452238,1551.4566856724744,8.333333333333334,3.8,1.0,0.8,0.625,4,0,0,0,AFC,East,AFC-E
1359,2023,Carolina Panthers,18.0,2024-01-07,Tampa Bay Buccaneers,1,1257.844292963789,1290.2078061286188,1281.712135455524,1286.2897403388058,1317.6160731488726,1323.8046848389001,-7.0,-9.2,0.3333333333333333,0.2,0.125,0,2,1,2,NFC,South,NFC-S
1362,2023,Chicago Bears,18.0,2024-01-07,Green Bay Packers,0,1428.1109031018327,1506.9527384964929,1392.1980521794978,1369.727353577879,1483.6938222674717,1464.7622645145707,9.333333333333334,8.2,0.6666666666666666,0.8,0.4375,2,0,1,1,NFC,North,NFC-N
1360,2023,Cincinnati Bengals,18.0,2024-01-07,Cleveland Browns,1,1634.3636583912444,1542.610494145979,1650.7118949116175,1646.3078243963125,1544.3807682837903,1530.0210300125877,-9.333333333333334,-2.2,0.3333333333333333,0.6,0.5,0,2,0,1,AFC,North,AFC-N
1360,2023,Cleveland Browns,18.0,2024-01-07,Cincinnati Bengals,0,1521.7701632603223,1534.0629609040243,1516.3836105320336,1510.8963811061644,1529.706193683107,1521.6791431799102,2.0,-1.4,1.0,0.8,0.6875,4,0,0,1,AFC,North,AFC-N
1371,2023,Dallas Cowboys,18.0,2024-01-07,Washington Commanders,0,1650.882502089977,1600.7957763842824,1652.2751690248288,1648.1820001571493,1597.5517473371747,1595.400250660931,-7.333333333333333,0.8,0.3333333333333333,0.6,0.6875,1,0,1,0,NFC,East,NFC-E
1363,2023,Denver Broncos,18.0,2024-01-07,Las Vegas Raiders,0,1401.520100153668,1473.3547596810677,1423.6000374620592,1421.3515440434403,1510.487863949903,1513.360584818815,-5.0,-7.4,0.3333333333333333,0.4,0.5,1,0,0,3,AFC,West,AFC-W
1361,2023,Detroit Lions,18.0,2024-01-07,Minnesota Vikings,1,1582.8219740209308,1611.5734268491483,1545.0276074511003,1549.7398955615652,1578.341714725364,1580.5013103247645,6.0,-0.4,0.6666666666666666,0.6,0.6875,0,1,1,1,NFC,North,NFC-N
1362,2023,Green Bay Packers,18.0,2024-01-07,Chicago Bears,1,1539.4210912195504,1527.786121288918,1494.2178213821906,1502.9082381903784,1475.1372285067137,1484.5313452662201,-4.0,-1.2,0.6666666666666666,0.6,0.5,2,0,1,1,NFC,North,NFC-N
1357,2023,Houston Texans,18.0,2024-01-06,Indianapolis Colts,0,1434.3511571272927,1539.7276453917052,1386.0973365884336,1395.5371509483437,1510.6875028483803,1525.69147428421,11.333333333333334,3.0,0.6666666666666666,0.6,0.5625,1,0,0,2,AFC,South,AFC-S
1357,2023,Indianapolis Colts,18.0,2024-01-06,Houston Texans,1,1408.500997979374,1466.3270145616964,1424.9261457356697,1424.3646210637532,1485.4727511975368,1494.0136756601419,0.3333333333333333,-4.4,0.6666666666666666,0.6,0.5625,1,0,0,2,AFC,South,AFC-S
1370,2023,Jacksonville Jaguars,18.0,2024-01-07,Tennessee Titans,0,1475.1986091522738,1496.9298499261758,1511.927136029515,1528.710608041706,1535.0220743613754,1554.4930308067214,8.0,4.6,0.3333333333333333,0.2,0.5625,1,0,0,2,AFC,South,AFC-S
1364,2023,Kansas City Chiefs,18.0,2024-01-07,Los Angeles Chargers,0,1682.4846098470548,1545.191216774863,1685.7036198565713,1702.186397533626,1538.1710521431858,1550.0305949026176,1.3333333333333333,-0.2,0.6666666666666666,0.4,0.625,1,0,0,3,AFC,West,AFC-W
1363,2023,Las Vegas Raiders,18.0,2024-01-07,Denver Broncos,1,1513.845293711987,1522.1321750680092,1470.4939627388176,1459.638787617874,1474.7600790739718,1467.310422498449,11.0,10.0,0.6666666666666666,0.4,0.4375,0,1,0,3,AFC,West,AFC-W
1364,2023,Los Angeles Chargers,18.0,2024-01-07,Kansas City Chiefs,1,1413.2538473021432,1414.5516460814551,1452.7191441291636,1477.6119481120063,1452.9318223304692,1474.717971206575,-15.666666666666666,-7.2,0.0,0.2,0.3125,0,4,0,3,AFC,West,AFC-W
1369,2023,Los Angeles Rams,18.0,2024-01-07,San Francisco 49ers,0,1513.513280057724,1530.3980979996325,1481.6083475536734,1473.7989592534743,1500.4612223136298,1493.5344048974632,5.0,5.2,1.0,0.8,0.5625,3,0,1,3,NFC,West,NFC-W
1365,2023,Miami Dolphins,18.0,2024-01-07,Buffalo Bills,1,1552.98762951856,1553.0236439801704,1576.964521129287,1573.0837700114123,1585.851865539905,1581.0658073509508,-1.6666666666666667,-6.8,0.6666666666666666,0.6,0.6875,0,1,0,0,AFC,East,AFC-E
1361,2023,Minnesota Vikings,18.0,2024-01-07,Detroit Lions,0,1459.4784636843874,1447.3598018571447,1537.353123621798,1543.0386342657162,1521.8557686001598,1527.3618910207456,8.666666666666666,5.0,0.0,0.2,0.4375,0,3,1,1,NFC,North,NFC-N
1366,2023,New England Patriots,18.0,2024-01-07,New York Jets,1,1390.6084153319068,1368.326104040053,1415.5738944736095,1409.880395344992,1388.3600628586066,1383.4689008915225,0.3333333333333333,0.8,0.3333333333333333,0.4,0.25,0,1,0,0,AFC,East,AFC-E
1367,2023,New Orleans Saints,18.0,2024-01-07,Atlanta Falcons,1,1540.8341021197891,1549.4699774369549,1490.8082758301935,1483.260841510735,1494.1560302388618,1484.5649829256402,0.0,5.4,0.6666666666666666,0.6,0.5,1,0,1,2,NFC,South,NFC-S
1368,2023,New York Giants,18.0,2024-01-07,Philadelphia Eagles,1,1426.8915907220648,1438.779631064267,1397.0799247292045,1394.837620456179,1416.817466448382,1416.3674878461786,-8.333333333333334,-4.0,0.0,0.4,0.3125,0,3,1,0,NFC,East,NFC-E
1366,2023,New York Jets,18.0,2024-01-07,New England Patriots,0,1413.5279781521783,1462.7275607973202,1396.8507205287717,1386.8185422525607,1457.275894106945,1445.757673635255,-15.0,-3.2,0.3333333333333333,0.4,0.375,0,1,0,0,AFC,East,AFC-E
1368,2023,Philadelphia Eagles,18.0,2024-01-07,New York Giants,0,1561.9619184807434,1500.0641080532089,1639.356393589321,1660.9669185786347,1567.1537379714289,1587.3633949084606,3.0,2.4,0.3333333333333333,0.2,0.6875,0,1,1,0,NFC,East,NFC-E
1356,2023,Pittsburgh Steelers,18.0,2024-01-06,Baltimore Ravens,0,1544.7594152302236,1525.7222475537112,1464.1645945948665,1483.6087645923049,1448.0427016872188,1466.2893469575515,-0.3333333333333333,3.2,0.6666666666666666,0.4,0.5625,2,0,0,1,AFC,North,AFC-N
1369,2023,San Francisco 49ers,18.0,2024-01-07,Los Angeles Rams,1,1742.6981658376822,1658.4238489949237,1774.355207624472,1768.175090848616,1679.8497244624614,1669.611420285822,-6.333333333333333,-6.0,0.6666666666666666,0.8,0.75,1,0,1,3,NFC,West,NFC-W
1358,2023,Seattle Seahawks,18.0,2024-01-07,Arizona Cardinals,0,1501.6174093470534,1485.2612438320098,1510.1169492349134,1508.3794810850848,1492.8382452073854,1493.345815037448,2.3333333333333335,-2.2,0.6666666666666666,0.4,0.5,0,1,1,3,NFC,West,NFC-W
1359,2023,Tampa Bay Buccaneers,18.0,2024-01-07,Carolina Panthers,0,1521.5825806979476,1522.4015407931813,1515.4484856315019,1495.6772461923968,1513.4323561047015,1492.418507108268,4.666666666666667,2.6,0.6666666666666666,0.8,0.5,0,1,1,2,NFC,South,NFC-S
1370,2023,Tennessee Titans,18.0,2024-01-07,Jacksonville Jaguars,1,1409.60355425419,1431.3328880502793,1427.394379615385,1431.4742714458428,1438.7791323242611,1441.1140787559489,-5.666666666666667,-3.0,0.0,0.2,0.3125,0,3,0,2,AFC,South,AFC-S
1371,2023,Washington Commanders,18.0,2024-01-07,Dallas Cowboys,1,1326.244368603866,1337.3982244270887,1350.6785779874053,1363.6140822958741,1368.066899629227,1381.9855129899252,2.3333333333333335,0.4,0.0,0.0,0.25,0,7,1,0,NFC,East,NFC-E
1643,2024,Arizona Cardinals,18.0,2025-01-05,San Francisco 49ers,1,1448.518049538571,1501.8113026732606,1422.7756963380034,1429.6880081352576,1493.4630007997814,1503.0396138865992,1.0,2.8,0.3333333333333333,0.2,0.4375,0,2,1,3,NFC,West,NFC-W
1644,2024,Atlanta Falcons,18.0,2025-01-05,Carolina Panthers,1,1392.0743820908483,1453.045422901797,1414.9826750793525,1414.3521232621022,1474.7982591588604,1476.5627753737165,5.0,-0.4,0.6666666666666666,0.4,0.5,0,1,1,2,NFC,South,NFC-S
1641,2024,Baltimore Ravens,18.0,2025-01-04,Cleveland Browns,1,1722.1324205356618,1639.9460802305816,1688.5949477458562,1692.194655786733,1588.8761799255465,1586.2166920936163,-11.0,-7.0,1.0,0.8,0.6875,3,0,0,1,AFC,North,AFC-N
1652,2024,Buffalo Bills,18.0,2025-01-05,New England Patriots,0,1736.2903794314077,1628.3520473196932,1764.458409776178,1762.5830752247743,1645.812781114002,1641.6254483623827,7.666666666666667,9.2,1.0,0.8,0.8125,3,0,0,0,AFC,East,AFC-E
1644,2024,Carolina Panthers,18.0,2025-01-05,Atlanta Falcons,0,1270.4820966417024,1380.388757521208,1234.2087567308358,1234.8414196106455,1359.857174149474,1366.0259683886331,-4.0,-3.0,0.3333333333333333,0.2,0.25,0,1,1,2,NFC,South,NFC-S
1648,2024,Chicago Bears,18.0,2025-01-05,Green Bay Packers,0,1367.028717171273,1411.9742261939025,1362.0524008241052,1369.9177301535776,1412.7670105036304,1427.8918728535884,0.6666666666666666,-5.2,0.0,0.0,0.25,0,10,1,1,NFC,North,NFC-N
1642,2024,Cincinnati Bengals,18.0,2025-01-04,Pittsburgh Steelers,0,1610.0470778811089,1566.1309784882844,1568.7078297280968,1558.6981566005227,1514.2851396548979,1501.2323705537335,4.666666666666667,2.6,1.0,0.8,0.5,4,0,0,1,AFC,North,AFC-N
1641,2024,Cleveland Browns,18.0,2025-01-04,Baltimore Ravens,0,1319.3120911058204,1317.3966978104545,1354.6947829281064,1363.4654085804402,1362.1042721555286,1373.5175273433865,4.333333333333333,-1.8,0.0,0.0,0.1875,0,5,0,1,AFC,North,AFC-N
1645,2024,Dallas Cowboys,18.0,2025-01-05,Washington Commanders,1,1445.5648899835985,1415.7476958977854,1462.9283776020757,1465.3853865758401,1421.9586057499148,1420.2761796296895,-16.0,-6.8,0.6666666666666666,0.6,0.4375,0,1,1,0,NFC,East,NFC-E
1646,2024,Denver Broncos,18.0,2025-01-05,Kansas City Chiefs,1,1562.254987797525,1586.9144972808597,1527.454446682761,1518.0913294707582,1572.9600750628797,1564.9732231749292,1.6666666666666667,0.8,0.3333333333333333,0.6,0.5625,0,2,0,3,AFC,West,AFC-W
1647,2024,Detroit Lions,18.0,2025-01-05,Minnesota Vikings,1,1774.6945673099638,1732.3340076492616,1744.2504641923636,1744.4015571049695,1697.6290544853764,1697.9543634563095,-5.666666666666667,-2.2,0.6666666666666666,0.8,0.875,2,0,1,1,NFC,North,NFC-N
1648,2024,Green Bay Packers,18.0,2025-01-05,Chicago Bears,1,1626.2028602304044,1589.012538829022,1639.7212661356123,1632.7079800907882,1596.2592061874136,1587.5563240131996,5.0,5.0,0.6666666666666666,0.6,0.6875,0,1,1,1,NFC,North,NFC-N
1656,2024,Houston Texans,18.0,2025-01-05,Tennessee Titans,0,1525.273297924863,1529.0065299706182,1530.0353554859885,1526.6697100188906,1546.1575981945064,1544.1513472173745,9.666666666666666,6.2,0.3333333333333333,0.4,0.5625,0,2,0,2,AFC,South,AFC-S
1649,2024,Indianapolis Colts,18.0,2025-01-05,Jacksonville Jaguars,1,1389.6968945644408,1435.5203236142934,1407.9923356921272,1410.3481782525027,1456.1783943535745,1459.858536275747,-7.333333333333333,-1.0,0.3333333333333333,0.4,0.4375,0,1,0,2,AFC,South,AFC-S
1649,2024,Jacksonville Jaguars,18.0,2025-01-05,Indianapolis Colts,0,1366.512966111992,1386.4908405596072,1381.3196719171053,1386.246327064661,1398.6107753900396,1402.3907256005355,3.0,1.6,0.3333333333333333,0.4,0.25,1,0,0,2,AFC,South,AFC-S
1646,2024,Kansas City Chiefs,18.0,2025-01-05,Denver Broncos,0,1763.1325261259133,1631.923948512931,1800.563327526743,1797.1010691409726,1635.3041271842676,1626.6220112935146,-8.333333333333334,-4.2,1.0,1.0,0.9375,6,0,0,3,AFC,West,AFC-W
1650,2024,Las Vegas Raiders,18.0,2025-01-05,Los Angeles Chargers,1,1371.6648334254814,1371.9988062963162,1342.389380760811,1349.2885051956691,1338.9421366765816,1345.338547805773,-1.3333333333333333,-4.2,0.6666666666666666,0.4,0.25,2,0,0,3,AFC,West,AFC-W
1650,2024,Los Angeles Chargers,18.0,2025-01-05,Las Vegas Raiders,0,1566.2607853630452,1598.243921316299,1533.3350464300845,1538.0510312193376,1567.109424007246,1574.6664181294113,-1.0,-1.8,0.6666666666666666,0.6,0.625,2,0,0,3,AFC,West,AFC-W
1651,2024,Los Angeles Rams,18.0,2025-01-05,Seattle Seahawks,1,1516.6823393247075,1511.1136753231797,1513.432956298877,1492.3399187141313,1504.1884431339038,1485.4898519431404,-4.0,-3.4,1.0,1.0,0.625,5,0,1,3,NFC,West,NFC-W
1653,2024,Miami Dolphins,18.0,2025-01-05,New York Jets,0,1481.2015934951824,1464.744353661404,1484.221263286442,1484.2517124867597,1466.5715505842456,1466.0210494330836,-4.333333333333333,-4.0,0.6666666666666666,0.6,0.5,2,0,0,0,AFC,East,AFC-E
1647,2024,Minnesota Vikings,18.0,2025-01-05,Detroit Lions,0,1602.5572492849876,1625.0819414619943,1601.345594992785,1591.6942916052121,1633.2510711405696,1622.5244257015183,5.666666666666667,7.8,1.0,1.0,0.875,9,0,1,1,NFC,North,NFC-N
1652,2024,New England Patriots,18.0,2025-01-05,Buffalo Bills,1,1333.1686040056466,1381.3278748713328,1315.639653957651,1326.0030042017813,1368.962594116135,1380.355554854852,5.666666666666667,-0.2,0.0,0.0,0.1875,0,6,0,0,AFC,East,AFC-E
1655,2024,New Orleans Saints,18.0,2025-01-05,Tampa Bay Buccaneers,0,1399.6453738026912,1395.7319575212575,1455.7068136709952,1460.1919333821031,1452.7811159631503,1456.5099430419282,-6.0,-2.8,0.0,0.2,0.3125,0,3,1,2,NFC,South,NFC-S
1654,2024,New York Giants,18.0,2025-01-05,Philadelphia Eagles,0,1319.8596676266277,1351.498432452045,1306.2753812215847,1316.6416818833034,1338.1463226052379,1351.3792017138126,2.0,0.4,0.3333333333333333,0.2,0.1875,1,0,1,0,NFC,East,NFC-E
1653,2024,New York Jets,18.0,2025-01-05,Miami Dolphins,1,1408.5056113964172,1445.3510874226142,1378.424082057334,1380.6997564474136,1427.6254896514217,1433.067044691261,-7.666666666666667,-4.8,0.3333333333333333,0.2,0.25,0,2,0,0,AFC,East,AFC-E
1654,2024,Philadelphia Eagles,18.0,2025-01-05,New York Giants,1,1693.3800411196055,1674.6645140226233,1689.612771708451,1683.2405180183803,1668.293041351053,1661.135360751338,15.0,9.2,0.6666666666666666,0.8,0.8125,1,0,1,0,NFC,East,NFC-E
1642,2024,Pittsburgh Steelers,18.0,2025-01-04,Cincinnati Bengals,1,1538.202844189711,1512.1129101102829,1582.758370899098,1581.770655196005,1573.6208980954318,1574.073328183445,-4.0,-1.0,0.0,0.4,0.625,0,3,0,1,AFC,North,AFC-N
1643,2024,San Francisco 49ers,18.0,2025-01-05,Arizona Cardinals,0,1522.3771530890742,1423.6340914246546,1611.9478588138952,1622.947992860995,1486.9391045118846,1488.8929173522338,0.0,0.0,0.0,0.2,0.375,0,3,1,3,NFC,West,NFC-W
1651,2024,Seattle Seahawks,18.0,2025-01-05,Los Angeles Rams,0,1533.7488809307831,1530.9799736514983,1518.3164368355472,1516.759096367801,1514.1140215713958,1510.207633783859,5.666666666666667,0.0,0.3333333333333333,0.6,0.5625,1,0,1,3,NFC,West,NFC-W
1655,2024,Tampa Bay Buccaneers,18.0,2025-01-05,New Orleans Saints,1,1573.811714385035,1568.7464413695952,1551.4668547848698,1538.2450311574314,1537.7687073133095,1522.1561418495776,3.0,4.2,0.6666666666666666,0.8,0.5625,1,0,1,2,NFC,South,NFC-S
1656,2024,Tennessee Titans,18.0,2025-01-05,Houston Texans,1,1288.4649889561351,1328.7184980984034,1330.7967928811747,1346.7961014722005,1376.3449456564279,1393.7228638500442,-1.6666666666666667,-4.8,0.0,0.0,0.1875,0,5,0,2,AFC,South,AFC-S
1645,2024,Washington Commanders,18.0,2025-01-05,Dallas Cowboys,0,1531.250115159775,1610.0556255429392,1479.5899970150883,1468.2846336711632,1568.319479552313,1561.6079182954786,2.6666666666666665,7.8,1.0,0.8,0.6875,4,0,1,0,NFC,East,NFC-E
1859,2025,Arizona Cardinals,13.0,2025-11-30,Tampa Bay Buccaneers,0,1402.0935704538078,1443.6577801705569,1442.0886126164667,1438.4765538859815,1490.5533808850225,1490.494024488885,0.0,-1.2,0.0,0.2,0.2727272727272727,0,3,1,3,NFC,West,NFC-W
1856,2025,Atlanta Falcons,13.0,2025-11-30,New York Jets,0,1374.579255068304,1448.9097942474712,1380.084558074024,1395.3822969270022,1453.010671580396,1467.8567872805306,-5.666666666666667,1.2,0.3333333333333333,0.2,0.36363636363636365,1,0,1,2,NFC,South,NFC-S
1847,2025,Baltimore Ravens,13.0,2025-11-27,Cincinnati Bengals,1,1596.4632722599083,1482.2208036868522,1628.3134556513141,1610.3747656163298,1493.9302146658313,1462.2882147698122,-0.6666666666666666,-2.0,1.0,1.0,0.5454545454545454,5,0,0,1,AFC,North,AFC-N
1857,2025,Buffalo Bills,13.0,2025-11-30,Pittsburgh Steelers,0,1688.7001223536554,1564.0860485632245,1693.5755099954015,1695.8467603698941,1545.2444205556492,1538.8084675228688,-3.0,-6.6,0.3333333333333333,0.6,0.6363636363636364,0,1,0,0,AFC,East,AFC-E
1851,2025,Carolina Panthers,13.0,2025-11-30,Los Angeles Rams,1,1349.167695592134,1478.2791690145486,1332.3071946316993,1328.004665510393,1476.5585985882624,1481.1784387396783,-1.3333333333333333,4.8,0.3333333333333333,0.4,0.5,0,1,1,2,NFC,South,NFC-S
1850,2025,Chicago Bears,13.0,2025-11-28,Philadelphia Eagles,0,1524.7782412512297,1573.981220505218,1454.203410673869,1441.9833966303759,1519.0357803288437,1513.9792492876672,1.6666666666666667,-2.8,1.0,0.8,0.7272727272727273,4,0,1,1,NFC,North,NFC-N
1847,2025,Cincinnati Bengals,13.0,2025-11-27,Baltimore Ravens,0,1509.2332184088773,1442.7154160814505,1502.407116563157,1513.824945018591,1422.7642320376792,1429.7346081683702,-3.6666666666666665,-1.6,0.0,0.2,0.2727272727272727,0,4,0,1,AFC,North,AFC-N
1852,2025,Cleveland Browns,13.0,2025-11-30,San Francisco 49ers,1,1307.7824788070905,1393.3151099542197,1308.1259221545788,1317.281970125446,1409.088456900378,1420.6828981932206,-4.666666666666667,-1.6,0.3333333333333333,0.4,0.2727272727272727,1,0,0,1,AFC,North,AFC-N
1848,2025,Dallas Cowboys,13.0,2025-11-27,Kansas City Chiefs,1,1472.683769685854,1505.160777480272,1425.44886893664,1428.9313943919624,1470.7324593628102,1477.8993257407824,-1.3333333333333333,-0.4,0.6666666666666666,0.6,0.5,2,0,1,0,NFC,East,NFC-E
1861,2025,Denver Broncos,13.0,2025-11-30,Washington Commanders,0,1650.4357043956577,1612.399494115935,1624.9226796111132,1615.0319326607494,1590.7844512954978,1577.4370037774156,1.0,4.8,1.0,1.0,0.8181818181818182,8,0,0,3,AFC,West,AFC-W
1849,2025,Detroit Lions,13.0,2025-11-27,Green Bay Packers,1,1704.5651731052085,1561.912657139177,1732.7491098584105,1736.842036460678,1577.1372217268097,1575.9804771845054,-7.333333333333333,-0.8,0.6666666666666666,0.6,0.6363636363636364,1,0,1,1,NFC,North,NFC-N
1849,2025,Green Bay Packers,13.0,2025-11-27,Detroit Lions,0,1675.740292608502,1587.6081221241766,1638.6796678856474,1647.6977624509898,1548.9169109120392,1554.813221750895,4.333333333333333,1.2,0.6666666666666666,0.6,0.7,2,0,1,1,NFC,North,NFC-N
1853,2025,Houston Texans,13.0,2025-11-30,Indianapolis Colts,0,1618.369037837316,1593.2147225526687,1577.0894327678768,1572.9426479045474,1547.5702193774894,1540.6931693959052,2.6666666666666665,4.4,1.0,0.8,0.5454545454545454,3,0,0,2,AFC,South,AFC-S
1853,2025,Indianapolis Colts,13.0,2025-11-30,Houston Texans,1,1494.317899610642,1565.0175969133873,1510.4440319940506,1503.6801354429535,1596.71330751368,1592.4144153396048,-1.3333333333333333,1.2,0.3333333333333333,0.6,0.7272727272727273,0,1,0,2,AFC,South,AFC-S
1860,2025,Jacksonville Jaguars,13.0,2025-11-30,Tennessee Titans,0,1488.9324608433517,1561.0130470942584,1438.730852294398,1437.6544077407937,1515.451800229961,1519.6012790674692,6.333333333333333,9.2,0.6666666666666666,0.6,0.6363636363636364,2,0,0,2,AFC,South,AFC-S
1848,2025,Kansas City Chiefs,13.0,2025-11-27,Dallas Cowboys,0,1696.5908913878477,1538.762297486317,1728.8865932673118,1730.9761728375227,1550.9280392287112,1544.5967942658704,-2.3333333333333335,9.0,0.3333333333333333,0.6,0.5454545454545454,1,0,0,3,AFC,West,AFC-W
1854,2025,Las Vegas Raiders,13.0,2025-11-30,Los Angeles Chargers,0,1277.255769955593,1357.8307348238795,1332.9749519143495,1339.8506829431444,1422.1914034405509,1433.562394702725,9.333333333333334,-0.4,0.0,0.0,0.18181818181818182,0,5,0,3,AFC,West,AFC-W
1854,2025,Los Angeles Chargers,13.0,2025-11-30,Las Vegas Raiders,1,1541.6729889375115,1541.1362999849907,1561.2931256569816,1548.142235884407,1545.0638267517234,1529.9995047543048,-7.0,4.0,0.6666666666666666,0.6,0.6363636363636364,0,1,0,3,AFC,West,AFC-W
1851,2025,Los Angeles Rams,13.0,2025-11-30,Carolina Panthers,0,1639.1112137332705,1620.4802259868711,1632.2654361917942,1617.6478865357053,1611.4840575810497,1592.3088100322286,4.333333333333333,1.8,1.0,1.0,0.8181818181818182,6,0,1,3,NFC,West,NFC-W
1855,2025,Miami Dolphins,13.0,2025-11-30,New Orleans Saints,1,1442.2960578906586,1454.124285803141,1398.0550119945472,1389.4033209018562,1423.7667576110855,1418.7306452791443,14.0,-1.4,0.6666666666666666,0.6,0.36363636363636365,2,0,0,0,AFC,East,AFC-E
1858,2025,Minnesota Vikings,13.0,2025-11-30,Seattle Seahawks,0,1470.0095329233172,1412.6379910478142,1516.6029393285532,1523.0319848822685,1456.3874054152284,1464.1944965326275,-2.3333333333333335,-7.4,0.0,0.2,0.36363636363636365,0,3,1,1,NFC,North,NFC-N
1862,2025,New England Patriots,13.0,2025-12-01,New York Giants,1,1532.6602776434836,1646.015334751292,1479.2124929573858,1462.3909882455598,1610.3200690249816,1597.6109196882162,0.6666666666666666,4.4,1.0,1.0,0.8333333333333334,9,0,0,0,AFC,East,AFC-E
1855,2025,New Orleans Saints,13.0,2025-11-30,Miami Dolphins,0,1308.249308971207,1378.784524597705,1326.5498230074736,1334.3479127850155,1396.945311381997,1408.9008795682194,-6.666666666666667,-2.4,0.3333333333333333,0.2,0.18181818181818182,0,1,1,2,NFC,South,NFC-S
1862,2025,New York Giants,13.0,2025-12-01,New England Patriots,0,1299.4510719151358,1377.1676465449398,1325.227063780544,1334.8586544584855,1413.3798848322901,1429.521261992683,-1.3333333333333333,-2.4,0.0,0.0,0.16666666666666666,0,6,1,0,NFC,East,NFC-E
1856,2025,New York Jets,13.0,2025-11-30,Atlanta Falcons,1,1350.0861702324285,1412.6274889202757,1343.6145680406894,1340.8077169002906,1409.9510796620355,1405.4720071374293,-6.333333333333333,-2.6,0.3333333333333333,0.4,0.18181818181818182,0,2,0,0,AFC,East,AFC-E
1850,2025,Philadelphia Eagles,13.0,2025-11-28,Chicago Bears,1,1697.5582565442494,1536.047091402679,1745.2302740713258,1734.8041353351139,1563.3667542118649,1544.7220442950515,0.3333333333333333,2.6,0.6666666666666666,0.8,0.7272727272727273,0,1,1,0,NFC,East,NFC-E
1857,2025,Pittsburgh Steelers,13.0,2025-11-30,Buffalo Bills,1,1476.6719649349352,1451.8321041502054,1508.5481492102688,1509.6261725878323,1494.421566080697,1494.8752940192478,1.3333333333333333,4.2,0.3333333333333333,0.4,0.5454545454545454,0,1,0,1,AFC,North,AFC-N
1852,2025,San Francisco 49ers,13.0,2025-11-30,Cleveland Browns,0,1556.489765582601,1570.620714411173,1522.6535810910918,1526.2957804555735,1520.1185963381022,1521.4246981001725,2.6666666666666665,-2.6,0.6666666666666666,0.6,0.6666666666666666,2,0,1,3,NFC,West,NFC-W
1858,2025,Seattle Seahawks,13.0,2025-11-30,Minnesota Vikings,1,1646.4437979537477,1634.4153150939862,1626.8194193210277,1609.9797386840178,1613.2912783998715,1596.2671220947796,4.666666666666667,-0.4,0.6666666666666666,0.8,0.7272727272727273,1,0,1,3,NFC,West,NFC-W
1859,2025,Tampa Bay Buccaneers,13.0,2025-11-30,Arizona Cardinals,1,1544.6846081794597,1500.386286298182,1571.8657656371668,1579.2871759117997,1523.5507121595413,1527.287737009449,-11.333333333333334,-13.8,0.0,0.2,0.5454545454545454,0,3,1,2,NFC,South,NFC-S
1860,2025,Tennessee Titans,13.0,2025-11-30,Jacksonville Jaguars,1,1190.6350080833158,1324.1807693753435,1207.1032966546768,1215.0413050681718,1352.3886360412744,1363.8237606131784,5.333333333333333,2.0,0.0,0.0,0.09090909090909091,0,6,0,2,AFC,South,AFC-S
1861,2025,Washington Commanders,13.0,2025-11-30,Denver Broncos,1,1472.2911228496991,1429.459129677788,1505.6976936052245,1525.503768339325,1465.7328874747961,1488.5732714658457,14.333333333333334,0.0,0.0,0.0,0.2727272727272727,0,6,1,0,NFC,East,NFC-E
